{
  "app": "com.tencent.mm",
  "code": 200,
  "duration": "73ms",
  "headers": {
    "Server": "nginx",
    "Date": "Sat, 22 Nov 2025 16:09:14 GMT",
    "Content-Type": "text/html;charset\u003dUTF-8",
    "Content-Length": "1272",
    "Connection": "keep-alive",
    "X-Frame-Options": "SAMEORIGIN",
    "X-XSS-Protection": "1; mode\u003dblock",
    "X-Content-Type-Options": "nosniff",
    "Cache-Control": "max-age\u003d0, no-cache, no-store, must-revalidate",
    "Pragma": "no-cache",
    "Expires": "-1"
  },
  "message": "",
  "protocol": "HTTP/1.1",
  "remoteIp": "43.137.89.90",
  "remotePort": 80,
  "sessionId": "0f80bdd5-d372-4651-b5b9-4dc9957fbb7b",
  "time": "2025-11-23 00:09:14"
}