{
  "app": "com.tencent.mm",
  "duration": "43ms",
  "headers": {
    "Host": "wq.sys-allnet.cn",
    "Connection": "keep-alive",
    "User-Agent": "Mozilla/5.0 (Linux; Android 15; PJZ110 Build/AP3A.240617.008; wv) AppleWebKit/537.36 (KHTML, like Gecko) Version/4.0 Chrome/116.0.0.0 Mobile Safari/537.36 XWEB/1160117 MMWEBSDK/20250201 MMWEBID/2253 MicroMessenger/8.0.57.2800(0x28003940) WeChat/arm64 Weixin GPVersion/1 NetType/4G Language/zh_CN ABI/arm64",
    "Accept": "image/wxpic,image/tpg,image/avif,image/webp,image/apng,image/svg+xml,image/*,*/*;q\u003d0.8",
    "X-Requested-With": "com.tencent.mm",
    "Referer": "http://wq.sys-allnet.cn/qrcode/req/MAID251123000729E437CDAD873E2AEAB126D5C47A9C06B2B6216FB81F4999E04797D42A346698F8.html?l\u003d1763828249\u0026t\u003dE8889EE8908C4458202F20E4B8ADE4BA8CE88A82E5A58F20E799BBE585A5E4BA8CE7BBB4E7A081\u0026d\u003dE68A8AE4B88BE696B9E4BA8CE7BBB4E7A081E5AFB9E58786E69CBAE58FB0E689ABE68F8FE5A484EFBC8CE58FAFE794A8E69CBAE58FB0E69C89E38090E8889EE8908C4458E38091E5928CE38090E4B8ADE4BA8CE88A82E5A58FE38091",
    "Accept-Encoding": "gzip, deflate",
    "Accept-Language": "zh-CN,zh;q\u003d0.9,en-US;q\u003d0.8,en;q\u003d0.7"
  },
  "method": "GET",
  "protocol": "HTTP/1.1",
  "remoteIp": "43.137.89.90",
  "remotePort": 80,
  "sessionId": "6c36b374-b9f8-4bcd-a58b-3879e0967815",
  "time": "2025-11-23 00:09:14",
  "url": "http://wq.sys-allnet.cn/qrcode/img/MAID251123000729E437CDAD873E2AEAB126D5C47A9C06B2B6216FB81F4999E04797D42A346698F8.png?v"
}