{
  "app": "com.tencent.mm",
  "code": 200,
  "duration": "43ms",
  "headers": {
    "Server": "nginx",
    "Date": "Sat, 22 Nov 2025 16:09:14 GMT",
    "Content-Type": "image/png",
    "Transfer-Encoding": "chunked",
    "Connection": "keep-alive",
    "X-Frame-Options": "SAMEORIGIN",
    "X-XSS-Protection": "1; mode\u003dblock",
    "X-Content-Type-Options": "nosniff"
  },
  "message": "",
  "protocol": "HTTP/1.1",
  "remoteIp": "43.137.89.90",
  "remotePort": 80,
  "sessionId": "6c36b374-b9f8-4bcd-a58b-3879e0967815",
  "time": "2025-11-23 00:09:14"
}