{
  "app": "com.tencent.mm",
  "code": 302,
  "duration": "253ms",
  "headers": {
    "Server": "nginx/1.20.1",
    "Date": "Sat, 22 Nov 2025 16:09:18 GMT",
    "Content-Length": "0",
    "Connection": "keep-alive",
    "Location": "https://open.weixin.qq.com/connect/oauth2/authorize?appid\u003dwx1fcecfcbd16803b1\u0026redirect_uri\u003dhttps%3A%2F%2Ftgk-wcaime.wahlap.com%2Fwc_auth%2Foauth%2Fcallback%2Fmaimai-dx%3Fr%3DrGfx0pQlJyq0%26t%3D251123000918\u0026response_type\u003dcode\u0026scope\u003dsnsapi_base\u0026state\u003d0F6FE852E6B545DB3F70BD7923E9060F6946941F5614826F47B0BA6A4C84D8DB#wechat_redirect",
    "X-Frame-Options": "SAMEORIGIN",
    "X-XSS-Protection": "1; mode\u003dblock",
    "X-Content-Type-Options": "nosniff",
    "Cache-Control": "max-age\u003d0, no-cache, no-store, must-revalidate",
    "Pragma": "no-cache",
    "Expires": "-1"
  },
  "message": "",
  "protocol": "HTTP/1.1",
  "remoteIp": "49.232.103.30",
  "remotePort": 443,
  "sessionId": "a3eec8a8-b027-4038-b234-4931054d5669",
  "time": "2025-11-23 00:09:18"
}