{
  "app": "com.tencent.mm",
  "code": 302,
  "duration": "360ms",
  "headers": {
    "Server": "nginx/1.20.1",
    "Date": "Sat, 22 Nov 2025 16:09:19 GMT",
    "Content-Length": "0",
    "Connection": "keep-alive",
    "Location": "https://maimai.wahlap.com/maimai-mobile/?t\u003d16DD853FC358A8775E848E0EC3F81ECB821CCD91B4F8996550F08D10DF5E8AE5",
    "X-Frame-Options": "SAMEORIGIN",
    "X-XSS-Protection": "1; mode\u003dblock",
    "X-Content-Type-Options": "nosniff",
    "Cache-Control": "max-age\u003d0, no-cache, no-store, must-revalidate",
    "Pragma": "no-cache",
    "Expires": "-1"
  },
  "message": "",
  "protocol": "HTTP/1.1",
  "remoteIp": "49.232.103.30",
  "remotePort": 443,
  "sessionId": "dbedce45-b98d-4c22-bbf4-70b3a7d45e51",
  "time": "2025-11-23 00:09:19"
}