{
  "app": "com.tencent.mm",
  "duration": "482ms",
  "headers": {
    "Host": "maimai.wahlap.com",
    "Connection": "keep-alive",
    "Upgrade-Insecure-Requests": "1",
    "User-Agent": "Mozilla/5.0 (Linux; Android 15; PJZ110 Build/AP3A.240617.008; wv) AppleWebKit/537.36 (KHTML, like Gecko) Version/4.0 Chrome/116.0.0.0 Mobile Safari/537.36 XWEB/1160117 MMWEBSDK/20250201 MMWEBID/2253 MicroMessenger/8.0.57.2800(0x28003940) WeChat/arm64 Weixin GPVersion/1 NetType/4G Language/zh_CN ABI/arm64",
    "Accept": "text/html,application/xhtml+xml,application/xml;q\u003d0.9,image/avif,image/wxpic,image/tpg,image/webp,image/apng,*/*;q\u003d0.8,application/signed-exchange;v\u003db3;q\u003d0.7",
    "X-Requested-With": "com.tencent.mm",
    "Sec-Fetch-Site": "same-origin",
    "Sec-Fetch-Mode": "navigate",
    "Sec-Fetch-User": "?1",
    "Sec-Fetch-Dest": "document",
    "Referer": "https://maimai.wahlap.com/maimai-mobile/home/",
    "Accept-Encoding": "gzip, deflate",
    "Accept-Language": "zh-CN,zh;q\u003d0.9,en-US;q\u003d0.8,en;q\u003d0.7",
    "Cookie": "_t\u003d12c4b77a644b9e88a14ab3957aea7703; _ga\u003dGA1.2.2025144517.1763649059; _gid\u003dGA1.2.1442521257.1763770693; _ga_HMWCCH9Y0H\u003dGS2.2.s1763770693$o2$g0$t1763770693$j60$l0$h0; userId\u003d1436443396050379; friendCodeList\u003d848499806549865%2C421761195940674%2C792769322723866"
  },
  "method": "GET",
  "protocol": "HTTP/1.1",
  "remoteIp": "152.136.211.165",
  "remotePort": 443,
  "sessionId": "b5ee9f69-16c3-4ffe-b112-7e2521aeb3ab",
  "time": "2025-11-23 00:11:41",
  "url": "https://maimai.wahlap.com/maimai-mobile/record/"
}