{
  "app": "com.tencent.mm",
  "code": 200,
  "duration": "315ms",
  "headers": {
    "Server": "nginx",
    "Date": "Sat, 22 Nov 2025 16:09:20 GMT",
    "Content-Type": "text/html; charset\u003dUTF-8",
    "Transfer-Encoding": "chunked",
    "Connection": "keep-alive",
    "Set-Cookie": "_t\u003d12c4b77a644b9e88a14ab3957aea7703; expires\u003dTue, 20-Nov-2035 16:09:20 GMT; Max-Age\u003d315360000; path\u003d/",
    "Expires": "-1",
    "Cache-Control": "no-cache",
    "Pragma": "",
    "X-XSS-Protection": "1; mode\u003dblock",
    "Strict-Transport-Security": "max-age\u003d31536000; includeSubDomains",
    "X-Frame-Options": "SAMEORIGIN",
    "X-Content-Type-Options": "nosniff"
  },
  "message": "OK",
  "protocol": "HTTP/1.1",
  "remoteIp": "152.136.211.165",
  "remotePort": 443,
  "sessionId": "b24f8b65-6559-466a-be51-ae15844a434e",
  "time": "2025-11-23 00:09:20"
}